time,j0,j1,j2,j3,j4,j5
0.1623368263244629,0.48023353559430015,0.22562231886934372,-0.8169396756787589,0.9935327995519624,-0.6657531521445851,-0.9422960101928836
0.16303181648254395,0.5235817828063423,0.1863824883971778,-0.7992265731476017,0.9956096777390144,-0.6732004946640703,-0.9607180603131839
0.23386693000793457,0.5659253163111091,0.14654475368587402,-0.7806492326657777,0.9972973581687133,-0.6806353860601569,-0.9757637958295046
0.3356294631958008,0.6087044273076657,0.10458562589930662,-0.7604339614654253,0.9986280302676886,-0.6883441524149535,-0.9876748496907144
0.43135857582092285,0.6462404341958089,0.06615209583294243,-0.7413290581000788,0.9994522377470593,-0.6953077823321525,-0.995073739587952
0.5291917324066162,0.682727990667757,0.02712345432591106,-0.7213455982546725,0.9999080186283034,-0.7022951748716585,-0.9991722691784899
0.6323981285095215,0.7194107855729406,-0.01404392645582101,-0.6996195308775814,0.9999753444965083,-0.709585138077954,-0.9997781077632408
0.7317252159118652,0.7528177842356443,-0.05352189960364179,-0.678146410820949,0.9996416047570382,-0.7165090872548397,-0.9967759839950069
0.830357551574707,0.7839490597497429,-0.0923508918004795,-0.6563994626112605,0.9989310599580831,-0.7232651165034004,-0.9903932463308831
0.9299485683441162,0.8144102577024813,-0.13265900067062558,-0.6331450989199019,0.9977879878328354,-0.7302316575124287,-0.9801505631759686
1.0321784019470215,0.8427849680879943,-0.17275961078091362,-0.6092981138217105,0.9962339128098981,-0.7371249382095805,-0.9662752025778891
1.1317977905273438,0.8687590030323992,-0.21220832286645028,-0.5851155313434626,0.9942898096223858,-0.7438795318884038,-0.9489988171391239
1.2298495769500732,0.8920420066250853,-0.2504607966244668,-0.5609484376787918,0.9919996830650124,-0.7504133398374245,-0.9287631601944192
1.3331611156463623,0.9133335759997979,-0.28863304722643157,-0.5360905164882931,0.9893027333850418,-0.7569270139419295,-0.9050928822041397
1.4494600296020508,0.9330447019406163,-0.3277392036990969,-0.5098117489020993,0.986095389185129,-0.7636033898179736,-0.8771678079193068
1.554638385772705,0.9497307005710753,-0.36495189271310247,-0.4839932420105759,0.9826053067527046,-0.7699695609576044,-0.8470576121905419
1.6405811309814453,0.9645650573128078,-0.40292763296416745,-0.4567719820605038,0.9785785203288982,-0.77649016121338,-0.8126739209191952
1.7512099742889404,0.9773634521122856,-0.44195417399490006,-0.4278079313756732,0.973919305984182,-0.7832287843037045,-0.7733652244382434
1.8304407596588135,0.9858629140658121,-0.4738345822918125,-0.4033437144621546,0.969694248290109,-0.7887717167124116,-0.7381581617643223
1.9302854537963867,0.9928375014201349,-0.5076987911096192,-0.3764991299457668,0.9647628311974901,-0.7947078192369692,-0.6975903675006521
2.0339581966400146,0.9975965062211806,-0.542022096266213,-0.3483095008312959,0.9592612352265604,-0.8007872963239131,-0.6529964326345638
2.1332099437713623,0.9998355355021527,-0.5759855094900261,-0.3193478803009013,0.9532732826700427,-0.8068795858457515,-0.6052520875168024
2.2350926399230957,0.9995397037302399,-0.6072481980353388,-0.2916523215805291,0.9472360301762764,-0.8125690426800686,-0.5579451224512606
2.3292384147644043,0.9967879053097725,-0.6384298559867355,-0.26292802687953887,0.9406593460902304,-0.8183374353991935,-0.5073540451761802
2.4331204891204834,0.9914871237802195,-0.6689378513184132,-0.23363449551030835,0.9336268895123694,-0.8240894629200489,-0.4543370854663297
2.5338964462280273,0.983803495422898,-0.6979264367483334,-0.20457022896250213,0.9263286283570793,-0.8296735607604948,-0.4004879102782896
2.639927864074707,0.9732723813185445,-0.7268306807503533,-0.17423229415653552,0.9183726604663868,-0.8353791464457001,-0.34313467569042594
2.731045961380005,0.9610179546089148,-0.7528799790549379,-0.14555893704754963,0.9105377081807239,-0.8406622477655618,-0.2880173471137466
2.828217029571533,0.9459840709009323,-0.7786192272361614,-0.11579107580694445,0.9020800109757896,-0.8460404330099633,-0.23002443536665101
2.93861985206604,0.9279675238295213,-0.803896943411675,-0.08493181821572783,0.8929637770218283,-0.8515070549740745,-0.16924987926219254
3.044605016708374,0.908590666935234,-0.826599077129797,-0.055591266159945384,0.8839658442055939,-0.856607109419407,-0.11101060075286293
3.132228374481201,0.8860231291496787,-0.8489518239518721,-0.024896560342935116,0.8742054237184675,-0.8618457679256316,-0.04977768644179557
3.242306709289551,0.8626266731725961,-0.868715918752121,0.004054765727131002,0.8646706490397399,-0.866700408690138,0.008109464789077411
3.3361241817474365,0.8348212281446703,-0.8887950175653591,0.0356262061979507,0.8539042506646676,-0.8719031311084374,0.07120718031147798
3.4297609329223633,0.8077905009808906,-0.9055355346804829,0.06403819248624791,0.8438810423396809,-0.8765073650453211,0.12781350159226276
3.5373919010162354,0.7768200849362111,-0.9220235528085112,0.09441752483479784,0.832806635944515,-0.8813523712295755,0.1879914644086021
3.6379127502441406,0.7447784610914473,-0.9365984596698863,0.12387781490109874,0.8217069175590755,-0.8859769445705636,0.24584728687895116
3.7297420501708984,0.7102591706272277,-0.9499458555783842,0.15378602289127374,0.8100662265140216,-0.8906004690419443,0.30391322231925944
3.8303089141845703,0.6743398443161698,-0.9616344896341503,0.18323516832718376,0.7982273911068564,-0.8950855360081138,0.36026566733310433
3.9382688999176025,0.6340491528927448,-0.9724529843351699,0.21457000164377302,0.7852066944712682,-0.8997871298056825,0.41914473732485846
4.034847974777222,0.5975119593709373,-0.9804311646769602,0.2416653723913768,0.7735832903036871,-0.9037960602371211,0.4690046517037761
4.128403186798096,0.556665794831138,-0.9875228216542487,0.2706791388501551,0.7607483013391112,-0.9080327666531305,0.5211491693109873
4.235095024108887,0.5138882819984436,-0.9930919461025227,0.299808389612111,0.7474418935512834,-0.9122300121938587,0.5720340709653154
4.3432488441467285,0.47093708760725544,-0.9969499562704641,0.32792557692432006,0.7341809993111565,-0.9162297196440485,0.6195849197744805
4.432844638824463,0.42394758104892527,-0.9993491736879883,0.35754593659604067,0.7197473697670055,-0.9203901542373761,0.6678211200965406
4.5347936153411865,0.38030283181116087,-0.9999978775865391,0.38411057538881177,0.706377980729214,-0.9240765204400572,0.7092886771488512
4.63221549987793,0.3320757405267608,-0.9990602502990116,0.4125180336602596,0.6916129672033512,-0.9279731419707953,0.7515661388269883
4.732950925827026,0.2864843340724807,-0.9966631874349304,0.4385506451806082,0.6776340892013708,-0.9315039557867331,0.788256610539928
4.836590766906738,0.23528216910258754,-0.9923030143750108,0.46692762682971234,0.6618785887697352,-0.9353103909843592,0.8258040301347002
4.932057619094849,0.18839791661171357,-0.9868202741859771,0.492186843707977,0.6473715682564023,-0.9386624939807752,0.8568870388481842
5.036025524139404,0.13955016729494893,-0.9796364576589341,0.5178315713743327,0.632147329353726,-0.9420319032594651,0.8859917888731572
5.151013374328613,0.08869432206286655,-0.9705939160420133,0.5438615743291553,0.616148210194353,-0.9454179584853486,0.9127900132253269
5.231485843658447,0.04052195197991806,-0.9605751195760449,0.5679382205740402,0.6008241946895168,-0.9485202133043201,0.9349071698327636
5.335773944854736,-0.013121840290748452,-0.9477601811847616,0.5941366262474683,0.5835307362457527,-0.9518642376725133,0.9558043925572598
5.442027568817139,-0.05935827082741696,-0.9353058720581189,0.6162360274820352,0.5684011547822437,-0.9546600333727655,0.9706475732970217
5.532545566558838,-0.11094608044376288,-0.9198496750610721,0.6404034923824053,0.5512390369687719,-0.9576918513239452,0.9837092666977069
5.633059740066528,-0.15979586086923658,-0.9036641412235998,0.662842610808648,0.5346765872445829,-0.9604834125316104,0.9926184161549872
5.745634078979492,-0.20826267757468972,-0.8860705427660344,0.6847040406670636,0.5179042278901198,-0.9631818642464298,0.9980536741262126
5.836102247238159,-0.25799457603026754,-0.8663665841856111,0.7067445979017737,0.5002956165892396,-0.9658816340995382,0.9999994755616582
5.936925172805786,-0.305176095237846,-0.8460535669692097,0.7273088232441288,0.4831677289496214,-0.9683821068622652,0.9983191239439796
6.031243085861206,-0.35313128751055145,-0.8236992211518323,0.747883546124388,0.4652811099875532,-0.9708663587111237,0.9929349928417346
6.137151002883911,-0.39833903257742603,-0.8009455674903462,0.7669930577716371,0.4479189830128209,-0.9731582988952966,0.9842904709545951
6.2336578369140625,-0.4439644984524121,-0.7762039494417492,0.7860108240853269,0.4298360721854616,-0.9754247651265471,0.9718438009476891
6.3359534740448,-0.4876157556830952,-0.75072024410122,0.8039647677086149,0.41193430890582533,-0.9775514168841546,0.9561986014127452
6.432161331176758,-0.5308846422622299,-0.7235433130200357,0.8215389603276502,0.3935231995294761,-0.9796210200246002,0.9368047873387959
6.536426305770874,-0.5736861034435499,-0.6945813193835606,0.8387143166624783,0.37455693844647053,-0.981632292391109,0.9134800986929591
6.629742860794067,-0.6130875495116634,-0.6658755273973195,0.8543486754085989,0.35632649780121567,-0.9834534833033294,0.8880104255617306
6.729690790176392,-0.6518509885688557,-0.6354714063580288,0.8695706330743671,0.3375467362451487,-0.985217937868887,0.8588028797836289
6.835793972015381,-0.6888056553148061,-0.6042026604062826,0.8839402115368011,0.3187234789855567,-0.9868758136203072,0.826660776996954
6.933197021484375,-0.724170254730541,-0.5718610806131573,0.8975657639162502,0.29970779384804724,-0.9884409559567489,0.7914386569040833
7.030283212661743,-0.7581840735704171,-0.5381310798496416,0.9105583242895158,0.280302369345837,-0.9899272087549768,0.7528143316509048
7.128268003463745,-0.7891378409863992,-0.5047685380158904,0.9222887475036989,0.2614816182654441,-0.9912639547274081,0.7129321040484818
7.235185623168945,-0.8194374469378425,-0.46911992787551665,0.933687413872908,0.24172870054958495,-0.9925582790909276,0.6686865965565513
7.335488319396973,-0.8468123828016068,-0.43376425207600877,0.9439161759488156,0.2224562877636866,-0.9937159214278776,0.6233342640364522
7.430418968200684,-0.872746869208948,-0.39677073798050294,0.9535470568900745,0.20258610241070482,-0.9948026070843462,0.5745008578707045
7.536446571350098,-0.896660856859343,-0.3587255455968218,0.9623772121517544,0.18242384761246402,-0.9957961602324226,0.5229884038444323
7.629790782928467,-0.9164874328984608,-0.323351275765467,0.9696620893304102,0.1638917272197878,-0.9966138502793049,0.4740663278499455
7.742168426513672,-0.9358284131906532,-0.28418408367216863,0.976737585496998,0.1435797061614475,-0.9974063255022575,0.4188994600918882
7.835972309112549,-0.9523640753271172,-0.24538807665095638,0.982762908231344,0.12364277492510646,-0.998079854784169,0.3633675513873656
7.933825492858887,-0.9661441086258953,-0.20725064273510205,0.9877674987684633,0.10419242436654026,-0.9986383622420082,0.30805279571787403
8.048047065734863,-0.9787915720238983,-0.16430699606938448,0.9923476042288765,0.08243406062980822,-0.9991487679493362,0.2450615006841131
8.1311616897583,-0.9870100862333874,-0.12872786576055287,0.9953171310030573,0.06449822971080121,-0.9994793198081504,0.19242143300813092
8.234492301940918,-0.9941720880038176,-0.0863042155263423,0.9979006455945074,0.043192416129359014,-0.9997666658119114,0.12925493192613413
8.33124041557312,-0.9982208831749357,-0.04770970507843479,0.9993593963446163,0.023861646656947455,-0.9999288150598346,0.07153059476694652
8.433341979980469,-0.999934062710301,-0.009186853862023706,0.999976262408753,0.004593475392470043,-0.9999973624805861,0.013780038487787916
8.54139494895935,-0.9992049751180476,0.0318970450317142,0.9997137667665342,-0.01595055171541405,-0.9999681949586594,-0.047835422582386974
8.635700225830078,-0.996005289334402,0.0714696920833072,0.9985612907894458,-0.035757713511562005,-0.9998401093361671,-0.10709025927145922
8.735825061798096,-0.9903640439487521,0.11091931332376902,0.9965274819560483,-0.05554540977574695,-0.9996139659910095,-0.16595073397199805
8.83011794090271,-0.9821406816903431,0.15084295272481074,0.9935583441519369,-0.07563815459199737,-0.999283576274148,-0.22518352078434403
8.936017513275146,-0.971052366973134,0.19176369619761932,0.9895464461596355,-0.096329833079243,-0.9988366903315776,-0.28541395286838045
9.032858848571777,-0.958062976696096,0.2304163848922794,0.9848344406897264,-0.11599110310974464,-0.9983111369842879,-0.34173116181771845
9.13756537437439,-0.9420691910972777,0.27023743296988445,0.9790141945325773,-0.13639334489255214,-0.9976609546806016,-0.39903065424525247
9.235422372817993,-0.924036256115087,0.3087052281612736,0.9724272823199817,-0.15627258430427465,-0.9969237599702535,-0.4535523463985365
9.337982177734375,-0.9051834538450828,0.34401366691564655,0.9655126370645336,-0.17469310094974705,-0.9961483155503984,-0.5027543905730714
9.429653406143188,-0.8828182076515485,0.38127415638257395,0.9572717029590099,-0.19434246156109464,-0.9952220211425497,-0.553666908895211
9.532217502593994,-0.8574018236345374,0.4191212435269329,0.9478555506580706,-0.21455736478987994,-0.9941607990923341,-0.6041636189786852
9.630826234817505,-0.8311174698965361,0.4544420315153332,0.9380597008935622,-0.23369177017297696,-0.993053556071544,-0.6500259570491629
9.727537631988525,-0.8029759915182314,0.4888924484006042,0.927504806187432,-0.25264197144526124,-0.9918568029153264,-0.6934234219484986
9.836991548538208,-0.7698913906305962,0.5258382432929984,0.9150053166633603,-0.27332710410625144,-0.9904345378619474,-0.738302748753051
9.94580888748169,-0.7374529416121298,0.5590204748661932,0.902652424025437,-0.2922722608874255,-0.9890235470758518,-0.7769496022164094
10.037161827087402,-0.7048185514314818,0.5898743250383522,0.8901247904054779,-0.3102458175307037,-0.9875870517105261,-0.8112897509706039
10.129737138748169,-0.6682361900852224,0.6219016593646355,0.875958749588187,-0.3293210065498957,-0.9859558871557642,-0.8451005038552948
10.237553119659424,-0.6299766156202189,0.6529089125619247,0.8609999064461095,-0.3482553415033448,-0.9842255103455902,-0.8758179096421795
10.335339784622192,-0.5891184700465858,0.6835848923624014,0.8448576387219331,-0.3675112157937584,-0.9823489932794504,-0.9039827821699662
11.18575143814087,-0.5499295924817335,0.7109253427946262,0.8292064733100054,-0.3851834069138441,-0.9805202807582521,-0.9269573394311948
11.20609712600708,-0.1939178160330884,0.8914402532878947,0.6782739141987986,-0.5229061811981366,-0.9623903165013811,-0.9968037663132236
11.233483791351318,-0.17822186434880669,0.8971584463202898,0.6711996669028135,-0.528342282105522,-0.9615174121093972,-0.9950892225550892
11.34475564956665,-0.12777647921856705,0.9144454933448221,0.6481820150811253,-0.5455689322488309,-0.9586620760614845,-0.9871623339026382
11.432187795639038,-0.08147237090621376,0.9288835080997273,0.6266571516552509,-0.5610828755651858,-0.9559706143550349,-0.9767016642864764
11.532784223556519,-0.03151826127194645,0.9429618951579971,0.6029810247164585,-0.5775375821942856,-0.9529858599155603,-0.96206289253437
11.632489442825317,0.019504009714648475,0.955762498244641,0.578277170727784,-0.5940793286544469,-0.9498437921549008,-0.9435637250431433
11.73378324508667,0.06934055475755342,0.966738132721958,0.5535998931144109,-0.6100130241472393,-0.9466761291785384,-0.9220569157777788
11.837383031845093,0.11767617305417369,0.9759411434508595,0.5291078538766695,-0.6252862799812992,-0.9435029030708156,-0.8979537877660018
11.928520202636719,0.167093630358683,0.98386975387395,0.5034523904506808,-0.640747103996336,-0.9401467996833396,-0.869988858055742
12.029643774032593,0.21590124906399455,0.9902065800864898,0.4774494832789981,-0.6558925535533995,-0.9367108045932249,-0.8390307626735098
12.141361236572266,0.26611875331457285,0.9951362811137938,0.4499415833586311,-0.6713762818276128,-0.9330371507936902,-0.8036478511268911
12.235146045684814,0.31328604364080465,0.9982459294888943,0.4233390379091371,-0.6858558218901022,-0.9294453848591043,-0.7670660662626815
12.32954716682434,0.3594924510242563,0.9998004039502939,0.39648436982098934,-0.7000075730734198,-0.9257795147006742,-0.7279781890667996
12.431037425994873,0.4071724231468171,0.9997726178369646,0.36785839576780033,-0.7146061823595055,-0.921826172874746,-0.6841296697097463
12.534542798995972,0.4511862190577155,0.998181540848428,0.3405126472214062,-0.7281069444681461,-0.9180042345487206,-0.6403271792008062
12.636037588119507,0.49670071094323004,0.9948355141143227,0.31118774540086264,-0.7421254090785977,-0.9138547618553399,-0.5914735865034189
12.735063076019287,0.5383302368252477,0.9901314859858712,0.2833119848821854,-0.7550302979217823,-0.9098598527375148,-0.5434081385741164
12.828708171844482,0.5795267269008003,0.9837793574196063,0.2545959192019172,-0.7679136552069952,-0.9056912743024229,-0.4924127076886555
12.931607246398926,0.6208386704047542,0.9755271623819504,0.22450134647399186,-0.7809862215082605,-0.901262518412915,-0.4375413508567464
13.033822536468506,0.6582309166228051,0.9662319890235573,0.19596231857857832,-0.7929923439013176,-0.8970037904217093,-0.38432577750617675
13.134023666381836,0.6958291960254801,0.9548922030872925,0.16580500144933685,-0.8052802794594617,-0.8924388823115056,-0.32702004227319026
13.24202013015747,0.7305565300126108,0.9423705261731764,0.13640994117170074,-0.8168754665894091,-0.8879228768976996,-0.2702696919103519
13.33104681968689,0.763206790247423,0.928497633841551,0.10715546287179241,-0.8280514219182569,-0.883360673322908,-0.21307698294844493
13.431968927383423,0.7950191289333404,0.9126512858642452,0.07681930634688454,-0.8392672618869409,-0.8785553776356372,-0.15318461538152714
13.531540155410767,0.8247439756475918,0.8953231345981507,0.046452219281380554,-0.8501226978841959,-0.8736660273461938,-0.09280414943056217
13.638603448867798,0.850859722859591,0.8776130925941041,0.017745914319532485,-0.860049314951178,-0.8689680411573144,-0.035486239700487
13.740632057189941,0.8773956216066192,0.8565930687906294,-0.013924943379196232,-0.8706298159252853,-0.8636951834137868,0.02784718652459857
13.836157083511353,0.899889933999237,0.8356647237404795,-0.0433780971877805,-0.8801249631692678,-0.8587031172178069,0.0866745331421502
13.929484128952026,0.9199837201655318,0.8137204469793292,-0.07244132927897272,-0.889172769265217,-0.8536895275426805,0.14450200479791253
14.028869152069092,0.9384730813214978,0.7897552693921621,-0.10241084788916763,-0.8981709337533719,-0.8484239562341357,0.20374478156622636
14.135420560836792,0.9545776969528642,0.7645637302737496,-0.13223655842455545,-0.9067932890457568,-0.8430823014652825,0.2621505631768217
14.23119592666626,0.9685545869674511,0.7375751762857362,-0.16256915862298565,-0.9152226584151874,-0.8375405930202235,0.3208130514513865
14.331489086151123,0.9797850452114519,0.7099648311728596,-0.19211021345105875,-0.9231026845078427,-0.8320317155457693,0.3770636901883245
14.434999704360962,0.9888484276321923,0.6801034507453221,-0.22259004197199406,-0.9308910126060661,-0.8262254636152824,0.4340114666098062
14.536258459091187,0.9948983115430977,0.6511982919036582,-0.25081919582009315,-0.9377919880980902,-0.8207306560633947,0.48560299441915633
14.640440464019775,0.9986850720117343,0.6204753716558054,-0.2796087870271525,-0.944517319183844,-0.8150035634515576,0.5369126315704059
14.736632108688354,0.9999987739704058,0.5887982660738538,-0.30812329940052335,-0.9508627731932349,-0.8092010379156831,0.5862640025763862
14.83294939994812,0.998859683416425,0.5564525220334116,-0.3361401623289674,-0.956786132855897,-0.8033655863956365,0.6331616585409212
14.93558120727539,0.9952475408073188,0.5229370575861412,-0.36411123961159936,-0.9623853958871585,-0.7973982580872621,0.6782339869344449
15.02818250656128,0.9891734883085742,0.488606868410963,-0.391746378467567,-0.9676011720311717,-0.7913544108548229,0.7208707227932707
15.140424728393555,0.98029017143761,0.4521919812613501,-0.42003338432402904,-0.9726049123473942,-0.7850045772131455,0.7623678620084655
15.230477333068848,0.9694198489848664,0.4168398799269357,-0.44656597459716074,-0.9769800230168277,-0.7788872865525941,0.7991304443110495
15.341187953948975,0.9545705405980878,0.3767207230704107,-0.47565448418788775,-0.9814089067319036,-0.7719872157619139,0.8368020031087389
15.436079978942871,0.9396161642004391,0.3418521392406138,-0.5001161167792337,-0.9848232715226751,-0.7660157128977881,0.8661594579404701
15.53687596321106,0.9220480165764259,0.30539415639611506,-0.5249308890020924,-0.9879843188128689,-0.7597875201692741,0.8935844493159912
15.628798246383667,0.9016941174431443,0.2673278860064037,-0.5500582371274665,-0.9908596332053192,-0.7532917597489278,0.9187361999340742
15.729172945022583,0.8787868725761332,0.2283015120033673,-0.5750363601089113,-0.9933756787823843,-0.7466297508810499,0.9409065258764935
15.835925102233887,0.8539494126388701,0.18935406892930726,-0.5992147913564795,-0.995466944169315,-0.7399689740411238,0.9594487080740872
15.935769081115723,0.8253847193661419,0.14784414644234076,-0.6241999609601742,-0.9972488835569205,-0.7328458236510146,0.9753306924236265
16.0451602935791,0.7979215076356311,0.11052640635665795,-0.6460008046554153,-0.9984671221014968,-0.7264117444580566,0.9862322810819892
16.130881309509277,0.7664586738471307,0.07027094917213861,-0.6688431035908479,-0.9993817942393564,-0.7194293603180183,0.994440733349497
16.241379737854004,0.7327809868858227,0.029597068328677482,-0.6912353079724805,-0.9998904717048026,-0.7123202072102498,0.9990143892953373
16.3463351726532,0.6967493090790784,-0.011633697985318322,-0.7132496249252891,-0.9999830814183119,-0.7050471801918085,0.9998477361996494
16.433561325073242,0.6619784880315432,-0.04953396609377052,-0.7328925355280154,-0.9996930628071057,-0.6982927082215727,0.9972386956735685
16.528430938720703,0.624005508854841,-0.08911359122432203,-0.752810947101292,-0.9990048722547329,-0.6911580211922103,0.991055729701532
16.630966901779175,0.5841437954559693,-0.12889908216739446,-0.7722291010523623,-0.9979122497646971,-0.6838916664456981,0.9812625158952981
16.731234550476074,0.5413544244772801,-0.16985329699371163,-0.7915912633038692,-0.9963607175581655,-0.6762999151757612,0.9674051977436768
16.831969738006592,0.4983050616240481,-0.20944207465104728,-0.809706276985219,-0.994439806097455,-0.6688398305159701,0.9503285563615069
17.159473180770874,0.3524613830805719,-0.3336365616659141,-0.862665866222032,-0.9855713518850172,-0.6444918615663568,0.8726283822386791
17.24099850654602,0.31398971975890394,-0.36422884309094916,-0.8747897221256263,-0.9826773329142784,-0.6382300759424966,0.8476761013849642
17.34359574317932,0.2673202279434185,-0.4002867613862633,-0.8885938562970899,-0.9788743363292753,-0.6306889911482207,0.8151868379503169
17.43835759162903,0.21891707297237628,-0.436545097323768,-0.9019285709379384,-0.9745979622840625,-0.6229118595574415,0.7790592587649258
17.532055616378784,0.1711158089125992,-0.47128651260197374,-0.9141717670741701,-0.970046434859744,-0.6152562217226948,0.7410770072336919
17.633501768112183,0.12256085046576055,-0.505552934209423,-0.9257125521034819,-0.9650895270235849,-0.607486532328402,0.7002604493772927
17.741573333740234,0.07352213912384432,-0.5391669847149332,-0.9364899927998066,-0.959739257667021,-0.59962803882516,0.6568434085243706
17.835474252700806,0.02044754564244709,-0.5744723401398389,-0.9471935796748805,-0.9535523045471479,-0.5910890402793625,0.6074585789990018
17.94154953956604,-0.02801666776793231,-0.6057712031928212,-0.9561171223067106,-0.9475333487098448,-0.5832422608614535,0.5602554221679168
18.050340175628662,-0.07710088354386602,-0.6365838508830085,-0.9643414054511412,-0.9410652196559649,-0.5752281502211308,0.5104478822591074
18.139018297195435,-0.1282553596498313,-0.6677679927407573,-0.9720482368406025,-0.9339083118812969,-0.5667836411859835,0.4564373584096932
18.232762098312378,-0.17550361824181654,-0.6957419871442749,-0.9783820460109109,-0.9269012310522701,-0.5588804197480133,0.4046698471043444
18.33055329322815,-0.22450277148330042,-0.7239180047508308,-0.9841466897613605,-0.9192078169024157,-0.5505575521277317,0.3490894302154834
18.428571701049805,-0.2728046505409294,-0.7508606211115024,-0.9890126048221007,-0.9111697683484127,-0.5422033145388211,0.29241386585849505
18.539406299591064,-0.32452442709050033,-0.7787844161024564,-0.993296437013087,-0.9020231885060479,-0.5330630446873387,0.2296400674373453
18.650664567947388,-0.3697343525670315,-0.8023946619979972,-0.9962243650866256,-0.8935305736467706,-0.5248798176402611,0.1729763893896166
18.74136209487915,-0.41505663436238105,-0.825293967590448,-0.9983555820718317,-0.8845064568152572,-0.516464931190447,0.11446105161428198
18.83602809906006,-0.45852990728525905,-0.8465076394542969,-0.9995980205863815,-0.8753218190510295,-0.5081629620038083,0.056679842970331545
18.9424946308136,-0.5024924400827261,-0.867175271871756,-0.9999985065718741,-0.8654487448962885,-0.4995010135119542,-0.00345649828592471
19.03392791748047,-0.5475349409196492,-0.8874814280301435,-0.9994392609591093,-0.8546471441477081,-0.4903013036862114,-0.06693001256750103
19.12938952445984,-0.5864128773386938,-0.9042487597005228,-0.9980900815744057,-0.8446910873834039,-0.4820507679079818,-0.12331465061107852
19.230795860290527,-0.6269722950589836,-0.9209249251833631,-0.9957307299023687,-0.833588633169763,-0.47308258986813023,-0.18382293421093068
19.34266424179077,-0.6677365146172256,-0.9367582577853742,-0.9922550252720237,-0.8215768662179174,-0.4636282145669311,-0.24651069760150018
19.43218731880188,-0.7006100552500537,-0.9487700480673439,-0.9885319200762749,-0.8111619434116351,-0.455619579220021,-0.29856048799797713
19.530476093292236,-0.7354232117380028,-0.9606551104123675,-0.9835532126982316,-0.7992947055845838,-0.4466882341898358,-0.3552960038414757
19.642927169799805,-0.7690862307536319,-0.9712071867689545,-0.9775516345607617,-0.7868406566620015,-0.43751788265198627,-0.4119324261031521
19.734904289245605,-0.7994049089046089,-0.9797805678645016,-0.9709508643340703,-0.7746209017945962,-0.4287039466940519,-0.46465621936348694
19.831831455230713,-0.8283774630378576,-0.9869849697918712,-0.9633526300748039,-0.7618439895267678,-0.4196662041228075,-0.5168158725798596
19.936500072479248,-0.8575261239291105,-0.9930313849406525,-0.9541151687796662,-0.7476129330275545,-0.40979586260912054,-0.571400272754964
20.04749369621277,-0.8818649108780462,-0.9969098264536378,-0.9448295414844285,-0.7343549640615451,-0.4007707358125227,-0.6189812979869631
20.132715225219727,-0.9033086625658305,-0.9991783139225993,-0.9350865621859202,-0.7212940449133334,-0.39202743672065227,-0.6628256633440148
20.250108003616333,-0.9236967043275222,-0.9999999270447596,-0.9239891283214314,-0.7072418194286374,-0.3827716570287795,-0.7067015117185477
20.336753129959106,-0.9414406798610406,-0.9992386405179271,-0.91228492010084,-0.6931758061187213,-0.37365187714958065,-0.7472637647527159
20.436334133148193,-0.9578362104050239,-0.9967195563169204,-0.898934465625935,-0.6778890583825957,-0.36389269295630033,-0.7876160440524718
20.538673162460327,-0.9704708023937398,-0.9928966913497921,-0.8860020333953906,-0.6637094004847999,-0.35497145719290474,-0.8216452426365175
20.631388425827026,-0.9813612685404007,-0.9873132721834862,-0.8716225272519588,-0.6485428076943731,-0.3455588349287159,-0.8544998378560658
20.729441165924072,-0.9895819044809986,-0.9803475419736978,-0.8568670864817765,-0.6335304956436368,-0.33636459344905834,-0.8834940353972222
20.842673778533936,-0.9962504944958246,-0.9701712402532836,-0.8384605304255407,-0.6154589199765126,-0.32544664288162284,-0.9138588051618504
20.928897857666016,-0.999012418145768,-0.9614408201681315,-0.824402465368379,-0.6020747845630896,-0.31745889534327526,-0.9332302545880842
21.033427000045776,-0.9999808224640986,-0.9495138170115721,-0.8068272661752908,-0.5857793030490013,-0.30783874915198345,-0.953326780083586
21.13974094390869,-0.9983818000233035,-0.9360105954938012,-0.7884835711531478,-0.5692223535967138,-0.2981747605347878,-0.9699228140882791
21.232564687728882,-0.9943497302332492,-0.9213556923007004,-0.7698878048884046,-0.5528469143221971,-0.2887188608910934,-0.9826528592013083
21.336615085601807,-0.9879520744791052,-0.905403569280555,-0.7507832265950978,-0.5363991183017183,-0.279316625117852,-0.9918577249633848
21.44287133216858,-0.9789032875318312,-0.8875586237689815,-0.7304727072202202,-0.5192808537648337,-0.2696259929542015,-0.9977408213370966
21.529415607452393,-0.967577241463346,-0.8685972160156855,-0.7098415569521991,-0.5022356045061231,-0.2600665071060594,-0.9999699677413961
21.628482341766357,-0.9537361106119379,-0.8480751093840923,-0.6883823088998164,-0.4848319133575161,-0.25039234263983695,-0.998633533824129
21.73405408859253,-0.9371644721037254,-0.825749508067926,-0.665861030439101,-0.4668848834932504,-0.24050145319419372,-0.9935655919487955
21.84028935432434,-0.9178897690142597,-0.8017297855030171,-0.6424091968421962,-0.4485049240140601,-0.2304556782997447,-0.984635749693602
21.934598684310913,-0.8967855065937003,-0.7770466722829837,-0.6190010282250388,-0.43043990103415525,-0.22065896815504066,-0.97231465182071
22.034305334091187,-0.8737514648863177,-0.7514719445860704,-0.5953632644314174,-0.412452999481753,-0.21097525699361272,-0.9566971441940804
22.138606309890747,-0.8488260547690931,-0.7249822424400606,-0.5714375003409132,-0.39448221923529886,-0.20136586823970679,-0.9378953284075073
22.236833810806274,-0.8220374409245496,-0.6975581148165393,-0.5471770793923034,-0.3764782792487106,-0.19180009768033482,-0.9159928946990245
22.3329598903656,-0.7924374185359492,-0.6682365093535153,-0.5217293931435754,-0.3578065810042717,-0.18193993227422803,-0.8901862065505234
22.43218231201172,-0.7614277141956607,-0.638394151119915,-0.49627915238121434,-0.339330498446239,-0.1722393438896312,-0.8617024003065566
22.5405170917511,-0.7278930372187933,-0.606932609829731,-0.46987264120475386,-0.3203487946463953,-0.16232735124490053,-0.8295453177423736
22.633687019348145,-0.6913473043014247,-0.5734260750516071,-0.4421652233388424,-0.3006182730299211,-0.15207803371278483,-0.7931857071305404
22.742743968963623,-0.6547819500507509,-0.540570660869658,-0.415358119442918,-0.2816925490691058,-0.14229420218270405,-0.7556676521812696
22.832635402679443,-0.6155993008424204,-0.5059793225475402,-0.3874719460561204,-0.2621587233153864,-0.1322407492321078,-0.7144064338839513
22.932368278503418,-0.5767512820927038,-0.47221070949434873,-0.36054094169617223,-0.24342791160172714,-0.12263973169809647,-0.6725843595218092
23.034715175628662,-0.5351702427645376,-0.4365563156562528,-0.3323796532380727,-0.2239677066949063,-0.11270189450914848,-0.6269648654681732
23.131815433502197,-0.49288698263243863,-0.40073939029213934,-0.3043374391102558,-0.20470455853568148,-0.10289847844637015,-0.5798019521179307
23.229575872421265,-0.4487102493896789,-0.3637190478890125,-0.27557996016656555,-0.18505580527580198,-0.09293004435678902,-0.529817989686357
23.331376314163208,-0.4035234306436016,-0.32621009913678833,-0.24664685166923428,-0.1653824469116146,-0.08297737665063629,-0.47805360549910103
23.435842752456665,-0.3572330967918281,-0.2881009095404111,-0.21743155940630793,-0.14560210282484706,-0.07299578598126331,-0.4244592662603303
23.53292179107666,-0.3101689656204793,-0.24962851558333315,-0.18809528548940257,-0.12581399483126035,-0.06303233816068168,-0.3694758644241736
23.634992599487305,-0.2597746673038571,-0.208685899250067,-0.15702080680806055,-0.10492207260709444,-0.05253357685768173,-0.31014601996568264
23.732762336730957,-0.2128061780710555,-0.17071652390342995,-0.1283128875636122,-0.08567325790436034,-0.04287605781782543,-0.25450443869035766
23.83502697944641,-0.16446767552678537,-0.13179013526576916,-0.0989687086045029,-0.06603922946123109,-0.03303764972421377,-0.19696565256220888
23.93499517440796,-0.1151180213776347,-0.09216805287235454,-0.06916901215854596,-0.0461331444088642,-0.023072714403477225,-0.13800669862878517
24.043888807296753,-0.06404943856616217,-0.05125218462600613,-0.03844650913938503,-0.02563451628179279,-0.012818311266775514,-0.07683616816814041
24.128292560577393,-0.015319304410142247,-0.012255616112293359,-0.00919181275908087,-0.006127923113400548,-0.0030639759389582727,-0.018382848890811904
24.231642723083496,0.03696640310296167,0.029575548595334213,0.022183076740980592,0.014789391799186594,0.007394898095576013,0.04435523609302221
24.336458206176758,0.08601185324695715,0.06884012077014204,0.051647967087531,0.03444049219756243,0.017222800643662835,0.1031580705774245
24.43276309967041,0.13478548025780254,0.10794682218688043,0.08102924589786639,0.054052430405986486,0.027036098035288288,0.1615255987912917
24.530670166015625,0.18442656092815055,0.14784671668478447,0.11106342356396033,0.07412729831161792,0.03708916798287834,0.22075261951002656
24.62813639640808,0.23246357251525956,0.18658790575741754,0.14030150902211252,0.09370627107117095,0.04690476050867327,0.27782752466055805
24.727684259414673,0.28059513032572764,0.2255731158918201,0.16982142144854656,0.11352039161172732,0.05685214797778962,0.33470948049071875
24.828270196914673,0.32818825569902815,0.2643288614679624,0.19928768850462802,0.13335552713175472,0.06682715116120344,0.3905803644486323
24.937750339508057,0.3779723826327015,0.3051388066420073,0.23047241329336798,0.15442168655148258,0.07744342538462713,0.4485356661249244
25.034743547439575,0.42455830020907137,0.343629647221266,0.2600600457595397,0.17449176581786044,0.08758243813372182,0.5022240316064615
25.133806943893433,0.46615208991207313,0.3782907366689435,0.28687376785706886,0.19276042629169438,0.0968352984298974,0.5496320045746907
25.235589265823364,0.5102865649999627,0.41542900162018304,0.31581053114887503,0.21257280301510487,0.10689894413120887,0.5992961328942454
25.333410501480103,0.5522592763671708,0.4511535369988282,0.34387748523595635,0.23189830840514583,0.11674751728058243,0.645811905810612
25.431126594543457,0.5946043808887678,0.48766993011999316,0.37283653837213365,0.251964197676324,0.12701071479116896,0.6919078402421232
25.540375232696533,0.6354056230189608,0.5233920562002496,0.40146900362166965,0.27194485865492046,0.13727192766364762,0.7353889289683059
25.62861704826355,0.6702047218969831,0.5543549066319589,0.4265643259122898,0.2895855798023649,0.14636918079877997,0.7716183748857739
25.7299485206604,0.7071302158699586,0.5878067021659128,0.45400821759767135,0.3090296023885025,0.15644101186897152,0.8090403703281958
25.84178400039673,0.7426088373920384,0.62064567169925,0.48133264129486963,0.32856417796226955,0.1666108539327224,0.8438127140896919
25.92960834503174,0.77395773410788,0.6503567671538438,0.5064308195329525,0.3466778718161811,0.1760905307353999,0.8733709370880856
26.032558917999268,0.8055005523378642,0.6810647088603631,0.5328050064361064,0.36590761635263014,0.18621066210715945,0.9017597317028778
26.13038921356201,0.8331240646470252,0.7087931119378599,0.5570583068082055,0.383786125860042,0.1956757387033764,0.9252441951416199
26.23406434059143,0.8607298827146697,0.73750022825835,0.582678846692199,0.4028977018445701,0.2058579396268685,0.9470891166231754
26.331083297729492,0.8841980633067913,0.7629210973678358,0.6058745123550783,0.4204214504625527,0.21525689391430877,0.9640193295418119
26.435853481292725,0.9076532155965097,0.789581564449298,0.6308087911247878,0.43951926863328233,0.225573533968945,0.9789374212334224
26.542539834976196,0.9279247575198607,0.8140230697271577,0.6543206698095523,0.45780315524738885,0.23552751256437798,0.9896170961266965
26.635830879211426,0.9442348044674769,0.8350426656229691,0.6751424188016302,0.47424403370338136,0.24454709895203403,0.9960881241215953
26.727444410324097,0.9593485506582407,0.8561373685903838,0.6967171564303641,0.49155452366324054,0.25411926266354967,0.9995744531072357
26.83535885810852,0.9724322194548229,0.876409568924119,0.7182377805905815,0.5091333457138093,0.2639245601033615,0.9994964444345579
26.933423280715942,0.9830597944767646,0.8953316832076498,0.7391998424824127,0.5265928127434005,0.27375386340182495,0.9956817104868628
27.033411026000977,0.9910156693706708,0.9124854759618699,0.759138837059174,0.5435489395826744,0.2833924153676129,0.9882905751455419
27.160710096359253,0.9975650398617607,0.9323279057285712,0.7836987449908621,0.5649716860880946,0.29571076073386493,0.9735750149313372
27.236628532409668,0.9994136670078352,0.9422346276407082,0.7967695308474951,0.5766482513029776,0.30249584284881387,0.962949053499672
27.337950468063354,0.9998700845692516,0.9549622746135387,0.8146639308733981,0.5929893597295343,0.31208148371404243,0.9449015500685976
27.428645133972168,0.997914163824077,0.9657495789907153,0.8311861199094932,0.6084916123445355,0.3212784578665096,0.9242694486126264
27.534064292907715,0.9934637128059929,0.9753176839490321,0.8474251036849108,0.6241769441712549,0.33069395941245905,0.8998213282844989
27.63022804260254,0.9863724717534698,0.983495252695939,0.8632359259386535,0.6399476804844367,0.34028041098621004,0.8715241813140729
27.729753017425537,0.9772153827817525,0.9897846834770504,0.8775862176945832,0.6547632149787177,0.3494037320884844,0.8414627446265581
27.829355478286743,0.9653664877952879,0.9947004166420736,0.8915921026281202,0.6697701982573633,0.35876981786068657,0.8074960662647886
27.93626594543457,0.950933485123888,0.9980466650231958,0.9049286755968436,0.684663118043187,0.3681985419445231,0.770208802633417
28.03523850440979,0.9344522558202386,0.9997378893151802,0.9171720893049632,0.6989655282273132,0.3773888174098263,0.7309702940258955
28.136341333389282,0.9153153677238888,0.999847829933382,0.9288074061465422,0.7132477421483073,0.38670918080748945,0.6883629801112604
28.237203359603882,0.894296716680191,0.9983763867719607,0.9393881537191646,0.7269667480718969,0.39580761501583134,0.6441487978694983
28.336261749267578,0.8708926340956652,0.9953122262250547,0.9492196494581268,0.7405112653862171,0.4049420042686645,0.5972758473546028
28.435026168823242,0.8441528850114595,0.9904253911890671,0.9585776212127046,0.754337147934951,0.4144350263405469,0.546066071232256
28.548161029815674,0.8144928823398035,0.9836652274121392,0.9671686928379258,0.768117034198931,0.42408167053221546,0.49158329340659773
28.627310752868652,0.7875639387152458,0.976547496786581,0.9736781995904766,0.7795197502355842,0.4322165840981726,0.4438552998409964
28.728878021240234,0.7558749653424566,0.9671857892955157,0.9800597367574915,0.7918554683386428,0.44118673082957055,0.38948176859149636
28.83002495765686,0.7219451087763069,0.9561630156241293,0.985617520117534,0.804000906463105,0.4502065799989405,0.33312183195433887
28.93543791770935,0.6867844514815834,0.9438060566251469,0.9902056314240899,0.8156285351313217,0.45903381257892506,0.2764983757778161
29.034851789474487,0.6493022161885451,0.9297199998548648,0.9939735748782,0.8271236872900766,0.4679637092006859,0.21791865814452063
29.14174771308899,0.6089009968942584,0.913602695424718,0.9969090460361255,0.8386322378016481,0.4771278373172216,0.15664298232973525
29.23616909980774,0.5690901150642763,0.8968684251396396,0.9987958153215707,0.8492047582563867,0.485765526303985,0.09800257212177209
29.330890893936157,0.5271978323835086,0.8784258580459655,0.9998191168435765,0.8596158031792486,0.4944992587540109,0.038031710081852715
29.432801723480225,0.48396235004673654,0.8585629206289065,0.9999389155815274,0.8696862114154578,0.503187342041527,-0.02210431463095943
29.539939403533936,0.43817510164178314,0.8366687581178015,0.9991173414791128,0.8796900646133029,0.5120803336935613,-0.08393865287250388
29.632495880126953,0.3941528307768733,0.8148296242700828,0.9974754668130459,0.8887352001092547,0.5203744206946402,-0.1416653006538155
29.72988200187683,0.34845537512586194,0.7913760749965861,0.9949435186069118,0.8975883307429766,0.5287557801781343,-0.1998563408912293
29.834696531295776,0.3013606418842954,0.7663974470987848,0.991498556284346,0.906191668790995,0.5371837726237971,-0.258023000783729
29.945229530334473,0.25316719448323793,0.7400069538372349,0.9871334910758247,0.9144941820925652,0.5456193501071536,-0.31568196168629653
30.041586875915527,0.2010582462052585,0.7105425932042191,0.9814914266495136,0.9229447960036431,0.5545573296330407,-0.37592315511734675
30.13821005821228,0.155940574695998,0.6842554479875073,0.9758512715163058,0.9298500961721112,0.5621660875599973,-0.42632214039941285
30.231427669525146,0.10642658931249165,0.6545757877559204,0.9688673415414167,0.9370155782090485,0.5704000484394907,-0.4797452063170052
30.333624362945557,0.0544887123388126,0.6224984661377151,0.9606537573088278,0.9440924264011631,0.5789296624846663,-0.5336407274918098
30.431073427200317,0.005739887797116898,0.5914939960839393,0.952115113619082,0.9503445171417538,0.5868561267305963,-0.5821989224729874
30.535531759262085,-0.04576372398207003,0.5577684685189593,0.9422108032575108,0.9565554316554946,0.5951678247412124,-0.6313200567064864
30.63595223426819,-0.09292588220719764,0.5259829300033915,0.932329026511215,0.9618978960423622,0.6027400268365194,-0.6742810462777034
30.73217248916626,-0.14296928862698474,0.49127225788119155,0.9209691466623567,0.9672140577282455,0.6107525973005802,-0.7176845668825945
30.83769702911377,-0.19390471026803519,0.45485185093415414,0.9084465539549954,0.9722569411284105,0.6189040896107144,-0.7594631851300098
30.93365502357483,-0.24219491601491278,0.4192477213524329,0.8956366783553303,0.9766964417626374,0.6266476697103032,-0.7967340252496818
31.03231143951416,-0.2904602439510029,0.3825478235572905,0.8818693661949366,0.9807995951924458,0.6344216488632126,-0.8315919099265219
31.128360509872437,-0.3366607869898013,0.3462996431549093,0.8677295697418322,0.9844094565209436,0.6419142954420196,-0.8625867311754907
31.228772401809692,-0.383461445468423,0.308376093006222,0.8523760069717566,0.9877409880836425,0.649576131376281,-0.8914649239281163
31.33320164680481,-0.4305127022344152,0.2689184500745883,0.8358067754402633,0.9907479370300096,0.6573755138664213,-0.917755473369365
31.429996967315674,-0.47440224330548403,0.23079107619858816,0.8192294966585789,0.9932279017082437,0.6647622370816174,-0.9396002088481318
31.576441526412964,-0.533693688783068,0.1770110292149723,0.7949102743612442,0.9960443935489752,0.674960369976755,-0.9645870562388336
31.634015560150146,-0.5595491176589931,0.1526460867906218,0.7835332741946973,0.997065925014031,0.6795043635213801,-0.9736965296431443
31.729435443878174,-0.6003534224899543,0.1129227847668095,0.7645038408974427,0.9983996610672419,0.6868217037259285,-0.9856276662271579
31.83025074005127,-0.6400263210508972,0.07262851003996655,0.7445880841146371,0.999339547523568,0.6941403839605156,-0.9940611609294443
31.933021068572998,-0.6767164197707833,0.03367733612373843,0.7247427348696898,0.9998581793519152,0.7011272864211561,-0.998723855512982
32.03237581253052,-0.713412554612163,-0.007166300492479648,0.7032960487138874,0.9999935804141292,0.7083724914367893,-0.9999422242216953
32.139665365219116,-0.7475273271309195,-0.047129308851878056,0.6816666247112775,0.9997221605869369,0.7153919217587191,-0.9975003715335148
32.23038291931152,-0.7796761546813272,-0.08689054091893893,0.6594959134057095,0.9990540187286173,0.7223179382331563,-0.9914969037381857
32.32932448387146,-0.809367358067072,-0.12580651281694258,0.6371482659107975,0.9980117227631642,0.7290502639354831,-0.9821529123843258
32.428279638290405,-0.8377643283995192,-0.16545777601950953,0.6136945972983108,0.9965482614777614,0.7358720797756597,-0.9690771627828257
32.539002895355225,-0.8653962670555231,-0.2069280344933818,0.5883951998983274,0.9945743226391377,0.7429765951930744,-0.951521520566317
32.62892150878906,-0.8882468174762075,-0.24400449766463908,0.5650784946140699,0.9924147570561639,0.749311263325039,-0.9324214987362434
32.73107361793518,-0.9103231730953927,-0.283011784020905,0.5397991923560903,0.989726333888785,0.7559678455560261,-0.9087992461149504
32.83477735519409,-0.9301119922981992,-0.32163486452591267,0.513969989032715,0.986626519487439,0.7625605789439317,-0.8817753077722452
32.93304133415222,-0.9469956338936998,-0.35852018991072304,0.48851452507410986,0.9832400451195096,0.7688679008207171,-0.8525123279037244
33.03286051750183,-0.9617421527477709,-0.39522714200903014,0.46236611358853724,0.9794343836260972,0.77516545022394,-0.8199499950932828
33.1369948387146,-0.9742671821142465,-0.43175607944907995,0.4354778984019554,0.9751898285509157,0.7814634585765011,-0.7840339051772685
33.229353189468384,-0.984324382276292,-0.4675194624971857,0.40825000738864003,0.9705624086626748,0.7876705428989785,-0.7453585002248577
33.346800804138184,-0.9923698194117775,-0.5050408691901094,0.37863974826950675,0.9651671952345487,0.7942398492676063,-0.7008955946127384
33.43446111679077,-0.9969942744196078,-0.5364931972678231,0.35292090495414735,0.9601834836800535,0.7998031459533794,-0.6604231195343204
33.533286571502686,-0.9996318759532178,-0.5700861840748815,0.32445935024998157,0.9543544668640959,0.8058152184179758,-0.613811965563749
33.63345456123352,-0.9997410221429602,-0.6024170333969775,0.29600145465709615,0.9482039619320832,0.8116841004735171,-0.5654737723351667
33.73389029502869,-0.9972048302741163,-0.6351072265021562,0.2660448419754004,0.941388332162045,0.8177177940112597,-0.5129135196169675
33.83249115943909,-0.9922276688848845,-0.6654718844682875,0.23702631126332996,0.9344578420059485,0.8234299565275526,-0.4605436544304872
33.93056011199951,-0.9850206542789125,-0.69395000675265,0.208633707905079,0.9273681000084801,0.8288999477242706,-0.4080849675957976
34.03312158584595,-0.9751037906925406,-0.7223569919121188,0.17902429878381895,0.9196521996983482,0.8344860071532054,-0.35226419808700327
34.12729001045227,-0.9631765523787086,-0.7486967945971823,0.15025644171676433,0.9118422549617857,0.8398037697852625,-0.297101177555165
34.228079319000244,-0.9485383218268626,-0.774601958214318,0.12054021617843917,0.9034514525795048,0.8451894509729752,-0.23932258106534537
34.332268953323364,-0.9313691487906178,-0.7994812637588626,0.09045100493819103,0.8946203178307428,0.8505372223353932,-0.18016047563610804
34.42632579803467,-0.9122185187355527,-0.8226305342639294,0.060843924040154276,0.8856004448273792,0.8557008531988993,-0.1214623960538592
34.53952646255493,-0.8899308359755502,-0.8453397387263482,0.029993072586211516,0.8758507564573036,0.8609825979832886,-0.05995915780140147
34.63663864135742,-0.8664294453683687,-0.8657017627641335,0.0004851897182831045,0.8661870883895589,0.865944527502447,-0.0009703793223481454
34.749040842056274,-0.8396323645153404,-0.8855472798175232,-0.030350259644798303,0.8557304658184278,0.871040139444215,0.060672556063238445
34.83580303192139,-0.8120862239283547,-0.9030340312163133,-0.05965205321325345,0.845449293212539,0.8758012622115015,0.11909165333690527
34.9293110370636,-0.7820256775817072,-0.91942979409907,-0.08945314442587214,0.834641894653716,0.8805660057006516,0.1781890591864127
35.034276247024536,-0.7502304993945718,-0.9342774344017806,-0.1189895624601741,0.8235735781024682,0.8852145082211051,0.23628840343837892
35.13341736793518,-0.7148517888657293,-0.9482968299498333,-0.14990407446543128,0.8115986746495847,0.8900043156653938,0.29642048036094376
35.24202299118042,-0.6800128992731478,-0.9599241386891343,-0.17868560497187136,0.800081234926972,0.8943969117471151,0.3516197571881351
35.33500695228577,-0.6425428430043232,-0.9703575254460183,-0.20809918462527116,0.7879320712029099,0.8988220543988199,0.4070868417247188
35.43176889419556,-0.6024329614517406,-0.979450559475333,-0.23808245555343568,0.7751401198362865,0.9032688855970755,0.462472763185627
35.53478121757507,-0.5607502505145916,-0.9868947270732196,-0.26783338004985674,0.7620253987242843,0.9076197261881191,0.5160963068716721
35.63744902610779,-0.5198069212483482,-0.9924277631549223,-0.29584842093911307,0.7492762170417943,0.9116626614247932,0.5652094728539835
35.72740197181702,-0.4781172231088129,-0.9964194489524618,-0.3232980688115894,0.73639239260954,0.9155748704251814,0.6118721036223863
35.83617877960205,-0.4313047833088101,-0.9990931179738738,-0.35298114250924134,0.7220036884013884,0.9197524684395859,0.660519800630741
35.959837675094604,-0.38208923445897475,-0.9999998676676891,-0.3830398751624076,0.7069248702518965,0.9239287432845297,0.7076522332231376
36.03378772735596,-0.34086200114885695,-0.9993559391276171,-0.4074119305373088,0.6943037398630322,0.9272761439478401,0.7441334105211204
36.135085582733154,-0.2929699332862286,-0.9970910250685356,-0.43489311288163224,0.6796248981643316,0.9310101535454115,0.7832269116465388
36.23960638046265,-0.24065877751638612,-0.9928416804304147,-0.4639879704984632,0.6635367963042613,0.9349180844530823,0.8220395995944896
36.33399796485901,-0.19509942653476384,-0.9876895022997064,-0.48861638191594176,0.6494508718332825,0.938190693327189,0.8526343439418453
36.430017709732056,-0.14703855471788546,-0.9808338599808866,-0.5139424471223454,0.6344895834958078,0.9415230779178828,0.8817450181576034
36.53571629524231,-0.09721163835693573,-0.9722185621445365,-0.5395472571666482,0.618839672938409,0.9448590687177797,0.9085493648236586
36.63189077377319,-0.046799153826681254,-0.9619604665407829,-0.5648312776935088,0.6028313649529716,0.9481214654971492,0.9322047877521051
36.73233699798584,0.0022581558425532338,-0.9504967173956999,-0.5888808452499994,0.5870542574074137,0.9511959811212785,0.9518903944376262
36.839452505111694,0.05215944753130413,-0.9373312682440617,-0.6128232542082632,0.5707716215481579,0.9542297568205783,0.9685303921800975
36.9287223815918,0.10134135652183889,-0.9228534416310892,-0.6359415188114129,0.5544586090102396,0.9571340819943956,0.9815595191069082
37.03614687919617,0.15150945122572845,-0.9065176774398536,-0.6590655730291523,0.5375091356477669,0.9600150846743839,0.9913472967561276
37.134408950805664,0.20147638346297403,-0.8886280729797579,-0.6816662118920127,0.5202746624953303,0.9628081299971596,0.9975002917958665
37.247488021850586,0.2487617812396173,-0.8701544943042191,-0.7026816580815777,0.5035975509299992,0.9653855110092618,0.9999221595204566
37.33601379394531,0.2970968142677671,-0.8496474853371261,-0.7238105401111996,0.4861321478521374,0.9679579820117052,0.9988567641736444
37.434207916259766,0.346861698851888,-0.8267234550848492,-0.7452117441365116,0.4676491719039706,0.9705447350653146,0.9938559739402268
37.54047179222107,0.39286785596776774,-0.8037898826132315,-0.7646946944923747,0.45004816871502834,0.9728834156704186,0.9855274436379041
37.63447070121765,0.4377890711286569,-0.7796624493028219,-0.7834520761965816,0.4323193148130514,0.9751206548754859,0.973756042046124
37.73612880706787,0.48128942305012073,-0.754529550085663,-0.8013769166575099,0.41456840653787524,0.9772456578651317,0.9587027665042532
37.83429026603699,0.5265999337017843,-0.7263250700343212,-0.8198082909797493,0.395378704284245,0.9794177346967282,0.9389068848078213
37.930747985839844,0.5665985027784456,-0.6995299703843909,-0.8358842104416074,0.37775437725355626,0.9813016465890324,0.9176433968866793
38.03830409049988,0.6067947385332828,-0.6706016750286289,-0.8518628086885455,0.35929261879426927,0.9831645217437416,0.8923518153729288
38.13213777542114,0.6467908687992611,-0.6395723020963038,-0.867592350011187,0.3400507697492707,0.9849891062524985,0.8628658709346261
38.23517560958862,0.6847793002374711,-0.607727923417433,-0.8823811821943088,0.32082291957226483,0.9866963045370123,0.8303829524822519
38.33270525932312,0.7183279861490588,-0.5773833874234716,-0.8953231275348618,0.30292477466157114,0.9881838063980801,0.797584671767985
38.43366742134094,0.7525963391526672,-0.5438684701946598,-0.9084313686292249,0.2835749675080692,0.9896843109162047,0.7595104482152479
38.53220796585083,0.7850301184618005,-0.509360297200414,-0.9207370895328819,0.26405173612866667,0.9910874123064358,0.7185129542912128
38.63639307022095,0.8153444163303478,-0.47413208202320756,-0.9321523935093758,0.2444854505533512,0.9923842403124415,0.675001703773677
38.73616909980774,0.8424292105176588,-0.43965659422967773,-0.942282767653111,0.22564800795461704,0.9935313024198318,0.6309867241743605
38.83781027793884,0.8683579425844083,-0.40331048771702144,-0.9519212382628816,0.2060786320669125,0.9946193832129462,0.5832285749497154
38.94192862510681,0.8926806003601638,-0.36537012141556346,-0.9609108316930778,0.18592696365896152,0.9956313493214171,0.5320717762553289
39.03449106216431,0.9134953187200882,-0.3289597637931702,-0.9685647672420923,0.16681735775897433,0.9964907962182699,0.4818832789650039
39.15115451812744,0.9357652761192518,-0.2843214472049849,-0.9767145373617248,0.14365060037677937,0.9974037467769608,0.41909459615359845
39.23397731781006,0.9495280151941127,-0.25249198517334265,-0.9817310474023866,0.1272812125713643,0.9979645963014926,0.37359555697567903
39.328590393066406,0.9639218825286305,-0.21388149709502222,-0.9869614525676543,0.10756483192717649,0.9985484645933882,0.31771631229083763
39.43310785293579,0.9763262250313011,-0.17353814789032476,-0.9914557952762484,0.08710009215590592,0.999049439547749,0.2586571628341259
39.5403687953949,0.9860748106913726,-0.13326523260532383,-0.9949794603998219,0.0667816990628478,0.9994417468151457,0.1991537663501799
39.635881185531616,0.993074827450188,-0.09406513598951777,-0.9975050931928644,0.04708478991305168,0.9997226856043202,0.1408368260709233
39.72742056846619,0.9975967986210545,-0.05544524574707002,-0.9991346255996781,0.027733290252576953,0.9999038349589615,0.08311454813787629
39.83472800254822,0.9998379337978186,-0.014402638560801893,-0.9999416551585816,0.007201506023955107,0.9999935171838067,0.02160302414280729
39.92919373512268,0.9995173659465394,0.0248534517494026,-0.9998262427949782,-0.012427685623439983,0.9999806931468835,-0.037275379176883276
40.029008865356445,0.9967147511689729,0.06481917545197163,-0.9988168956442708,-0.03242664030519748,0.9998685209124841,-0.09714353615245822
40.1386501789093,0.9912109033644737,0.10594486184152456,-0.9968329525357108,-0.053047120721730616,0.9996479405955961,-0.15854426440732775
40.230324029922485,0.9837162949313845,0.14406512100065122,-0.9941276436297068,-0.07222115573980577,0.9993469474457881,-0.21515667526176335
40.33570742607117,0.9735452295678985,0.18338102220675023,-0.99044923427015,-0.09208172464602232,0.998937298562064,-0.2731221139535095
40.44228744506836,0.9605903659479271,0.2234401039289694,-0.985752314570099,-0.11243295410556467,0.998413569935172,-0.331613726344655
40.53337240219116,0.9455035000634331,0.262224924371655,-0.9802656830614145,-0.13227474841917453,0.9978008545237661,-0.3875668070061662
40.63110041618347,0.9277216360250228,0.3012730259275382,-0.9737755820804145,-0.1524173227356581,0.9970747776773792,-0.44308871635775793
40.73670172691345,0.9074940469068812,0.33990276421183735,-0.9663616605212606,-0.17253900365158903,0.9962436163915627,-0.4970712680765775
40.835488080978394,0.8856562220282884,0.37677550149275907,-0.9583197363203932,-0.1919575407160227,0.9953399498110098,-0.5475798486232772
40.93057084083557,0.8617575889136608,0.41292002884194823,-0.9494731488875929,-0.21122584324271565,0.9943433218674856,-0.5959810193328661
41.03917646408081,0.8346211149607846,0.44992503930709216,-0.9393689235220546,-0.23122897313342325,0.9932017314246777,-0.6442345911954347
41.13633465766907,0.8070246899824413,0.48412259639149996,-0.9290276521120168,-0.2499998219067245,0.9920297078553956,-0.6874995992900325
41.233747720718384,0.7770458118674654,0.5181358921149629,-0.9177167041305225,-0.2689811248437753,0.9907435208585544,-0.7290993272834633
41.33062171936035,0.7442689347863634,0.5522705859306023,-0.9052561672303845,-0.28838782858669626,0.9893214054984727,-0.7692254610547528
41.43806457519531,0.7097699858960659,0.5853403375153504,-0.8920321109973703,-0.30758113011283744,0.9878061194202167,-0.8063471222376632
41.54708504676819,0.6739116221438572,0.6170942362609432,-0.8781651539856405,-0.3264282022873201,0.986210423722621,-0.8401538937390977
41.63416004180908,0.6365258686418092,0.6477663091186132,-0.8635711575350852,-0.3450803555850969,0.9845235255762989,-0.8708717681389602
41.73576498031616,0.5969002635624402,0.6779214021672164,-0.8479456945689174,-0.363913182803412,0.9827087239315537,-0.8989633746655967
41.83571434020996,0.5560830159542861,0.7067577543394323,-0.8316751761000671,-0.38245546417883214,0.9808093410744768,-0.9235960113606879
41.94177556037903,0.5121154131895489,0.7355785861479304,-0.8139422072187387,-0.4015971848997047,0.9787278509175193,-0.9457126985959105
42.03631567955017,0.47028585641905,0.7610598027890761,-0.7968644310704518,-0.4191170945607818,0.9767118791318113,-0.9628642918781057
42.13072323799133,0.42457990085683905,0.7869429876873748,-0.7779629904100211,-0.437592438269503,0.9744674007933309,-0.9776040132947088
42.24023199081421,0.37976028175511595,0.8105012332005166,-0.7591724923186485,-0.45511705645814227,0.9722220983927592,-0.9882747911949571
42.342806577682495,0.3312135575365283,0.834136581958808,-0.7385197129106724,-0.4735198299308804,0.9697378917965012,-0.9958670750768502
42.43384552001953,0.28616481974108987,0.854433527377668,-0.7190620145225848,-0.49012206371576966,0.9673814679202615,-0.9994184135528001
42.53122305870056,0.23670084248133852,0.8750126916930256,-0.6973545383936666,-0.5078877933664355,0.9647339619655979,-0.9996247332665243
42.632314682006836,0.1872993584232565,0.8938713502491463,-0.6752958873633479,-0.5252030301950577,0.9620231167935888,-0.9961248084876044
42.748907804489136,0.13820560209528146,0.9110062452722573,-0.6529767684580444,-0.5420366422082512,0.9592587900895313,-0.9891003959519755
42.83541703224182,0.0888019707350774,0.9266877735301846,-0.6300906854255125,-0.558644742215409,0.9564013405563212,-0.9785579999151249
42.9284303188324,0.03970335743100807,0.9407604203351149,-0.6068940491310693,-0.5748599763169852,0.9534809383645289,-0.9646978376385408
43.0491681098938,-0.011431747054557139,0.953842847918512,-0.5822222611697798,-0.5914785656102325,0.9503474948175923,-0.946727941647784
43.13794016838074,-0.06264772007114061,0.9653517753060546,-0.5569469200078259,-0.6078848546740063,0.9471074888033646,-0.9251424002759631
43.23329710960388,-0.11201504842401105,0.9749369710851956,-0.5320062211373494,-0.6235057174626725,0.9438799685162297,-0.9009423685256993
43.33283567428589,-0.16143563975754027,0.9830385372492,-0.5064229798879175,-0.6389839152899156,0.9405371061106089,-0.8733620805847961
43.43655347824097,-0.2090426809943853,0.9894070538899047,-0.4811455417991842,-0.6537706895706564,0.9372013467131287,-0.8435835569618435
43.53852725028992,-0.26162145401970227,0.9947619209806943,-0.4524381778054814,-0.6699929166053158,0.9333722438029248,-0.8069649062430309
43.64608335494995,-0.30830679754752793,0.9979890441187794,-0.426184604812611,-0.6843293602797463,0.9298314479018657,-0.7710840561108202
43.73172855377197,-0.3522865786028204,0.9996581418940916,-0.40072737621082405,-0.6978016434406663,0.926361443680247,-0.7342907141063807
43.831040143966675,-0.39961734962829265,0.999891659263512,-0.37246052356111803,-0.7122919716234596,0.9224649819901453,-0.691322515264595
43.93567442893982,-0.4457242377836129,0.9984643030191666,-0.34395780408944215,-0.7264292385404442,0.9184882331015779,-0.6459425101609231
44.036157846450806,-0.49109981794080326,0.9953453455959933,-0.3148583537348925,-0.7403959813016929,0.9143770977027267,-0.5976884789324626
44.13366436958313,-0.5327663421704916,0.9908563738346496,-0.2871008249054828,-0.7532997044765196,0.9104057871354543,-0.5500279720569756
44.2363555431366,-0.5745355089267172,0.9846446065108342,-0.2581401525206384,-0.7663455158288414,0.9062087602909222,-0.4987822641416402
44.329524993896484,-0.6134019018752364,0.977161756548447,-0.2300236696829221,-0.778619556371166,0.9020798977923297,-0.44771118583494346
44.43279266357422,-0.6535329736974995,0.9675029339910952,-0.19962270326254936,-0.791473242963697,0.8975532900060424,-0.39120972908001483
44.54004383087158,-0.6931755369277244,0.9557642350595874,-0.167986916772438,-0.8044047050304478,0.8927714443173401,-0.33119938493376855
44.63971424102783,-0.7261425561423408,0.9440822155290928,-0.14023790617206505,-0.8153864515534298,0.8885147821069106,-0.277704104440344
44.74028015136719,-0.759822645021745,0.9300406205747578,-0.11026966675553343,-0.8268786864143597,0.8838496286468798,-0.2191944197506187
44.83066701889038,-0.7893904134531967,0.9156424940207033,-0.08233599183639433,-0.837255504930319,0.8794350085245887,-0.1641128610217568
44.94048190116882,-0.8202584690386293,0.898115546777927,-0.05117851472665774,-0.8484572921502364,0.874432344568095,-0.1022228927298155
45.03500294685364,-0.848519487752628,0.8793096339361345,-0.020408421374850747,-0.8591421682000209,0.8694069755195611,-0.04080834168216892
45.13406229019165,-0.8724013464898014,0.8608208962954657,0.007737686530203044,-0.8685931243903237,0.8647328972848188,0.015474909784306698
45.23731279373169,-0.8964434379477924,0.839092819456228,0.03867844496542882,-0.8786319685289594,0.8595055542823932,0.07729900446461715
45.340466022491455,-0.9175551221977477,0.8165711608590414,0.0687595121706247,-0.8880441382008292,0.8543296221825981,0.1371935531188792
45.44299793243408,-0.9359207910653721,0.7933327877914182,0.09804233869647233,-0.8968802073331259,0.8491977245468857,0.19513998936537455
45.53310942649841,-0.952748107371132,0.767690342340155,0.12861904190690743,-0.9057651427662319,0.8437357468254137,0.255101484058349
45.68364715576172,-0.9697438211290158,0.7349630593494628,0.16542507684326152,-0.9159986752043849,0.8370129298504709,0.3262918194736189
46.00344777107239,-0.9812130089406761,0.7058585244180747,0.19638754389328952,-0.9242166516258364,0.8312245601254005,0.38512632511290357
46.114235401153564,-0.9982377057567141,0.6255373676023308,0.27494556529528763,-0.9434495767402977,0.8159399662813461,0.5286982133247567
46.26314949989319,-0.9999886683124126,0.5846998647325552,0.31173229619400894,-0.9516432354972557,0.8084569843592706,0.5923973342329744
46.34459733963013,-0.9963726395459496,0.5313202245378212,0.3572103826980746,-0.9610335759793179,0.7988841173067749,0.6672861065266964
46.42715883255005,-0.9934192881070979,0.5111218662015695,0.3737335610474549,-0.9642375883392483,0.7953110650977211,0.6933027427486137
46.62280607223511,-0.9822313285738861,0.4593679685140457,0.41453841451629014,-0.9716599362949317,0.7862515806864697,0.7544862908512707
46.75512433052063,-0.9615611697213403,0.3947421754302974,0.4627171334597443,-0.9794876038883537,0.7750820686631197,0.8204030126746756
46.763423681259155,-0.9554339678906457,0.37887702630443376,0.47411732486651265,-0.9811847498162036,0.7723571699700857,0.8348842685987997
46.875256299972534,-0.9414368666310519,0.3458783255393651,0.49732883699460856,-0.9844489255751899,0.7667043224499173,0.8629273179325989
46.95913910865784,-0.9211368444471513,0.30360539207772314,0.5261291695164042,-0.98812900525096,0.759482190099681,0.894845401987785
47.0703284740448,-0.8992113180150274,0.2629246760908635,0.5529152947389007,-0.9911650627423502,0.7525404150145835,0.9214194795937458
47.20388436317444,-0.8691759261332817,0.21286691743398167,0.5847055254297819,-0.994253791061939,0.7439921310864276,0.9486795876289809
47.25162696838379,-0.8554766052526852,0.1916645676027137,0.597800657278824,-0.9953543313936515,0.7403646286668807,0.9584475683287829
47.339864015579224,-0.8306640622624788,0.15528991989663513,0.6197761790174786,-0.996962621934644,0.73412584600849,0.9727741933106001
47.43523097038269,-0.8017658934304809,0.11561766238332355,0.6430624674043472,-0.9983220400892665,0.7272915492187714,0.9849321284994257
47.563292264938354,-0.7672637380029086,0.07127192083650331,0.668283416837049,-0.9993640285276181,0.719603584723892,0.9942811092362264
47.65558671951294,-0.7386063989505868,0.036473995685757016,0.6874969733770898,-0.9998336367722389,0.7135264649308842,0.9985030630524155
47.73571968078613,-0.7031777567960316,-0.004432910099078805,0.7094537821192585,-0.9999975436484225,0.7063227093567268,0.9999778929082069
47.87821650505066,-0.6525352108100403,-0.059543043678307886,0.737986624858714,-0.9995563363246883,0.6964966847571119,0.996009388622358
47.94282364845276,-0.6255515788698839,-0.0875356975882236,0.7520283888058725,-0.9990398849232499,0.6914441729631864,0.9913700226205605
48.03290581703186,-0.589155324004993,-0.12398817184231216,0.769864758182184,-0.9980690597216921,0.6847941207426128,0.9826662510612532
48.13335371017456,-0.5489944930302398,-0.16266391535332295,0.7882381247145366,-0.9966648219336647,0.6776414531467485,0.9701167299615432
48.23249793052673,-0.506705775654931,-0.201834892102849,0.8062712846386508,-0.9948415856126875,0.6702832538123674,0.9538930323361565
48.34628105163574,-0.4598522705094663,-0.2435801383490636,0.8248516606639532,-0.9924416290694723,0.6622999266102714,0.9326584820709153
48.4928777217865,-0.39574629412626994,-0.2982075916219233,0.8481635386184626,-0.9885598207483464,0.6516021369840862,0.8986029300933843
48.546889305114746,-0.3679835648549933,-0.3210584955538115,0.8575734558522743,-0.9866760780124191,0.6470328391795982,0.8822055634592348
48.65467166900635,-0.31663288405913215,-0.3621528001546292,0.873978825447233,-0.9828831929791562,0.6386588187505168,0.8494444979270019
48.76062750816345,-0.27051140270567914,-0.3978563943766083,0.8876802459681593,-0.9791444489792945,0.6312030885834778,0.8174832040921282
48.847416162490845,-0.22554037286771397,-0.4316493106421237,0.9001607591876185,-0.9752029282964706,0.623974134596843,0.7841441014907586
48.9445595741272,-0.17621008985483444,-0.4676325794733927,0.9129093390957972,-0.9705469962402806,0.616071478041573,0.7452305198284551
49.061853885650635,-0.12074947027887682,-0.5068120318789593,0.9261261418430886,-0.9648980749251627,0.6071965717098945,0.6986954133878844
49.182841300964355,-0.05618541291355811,-0.5508201000987066,0.940094723683204,-0.9577640621715003,0.5968436921847704,0.6409816784340496
49.26043248176575,-0.025626444465486883,-0.5710752703013571,0.9461923337615071,-0.9541744340232526,0.5919244121039231,0.6123847646284658
49.34154939651489,0.022392459564563375,-0.6021840662714999,0.9551226771125322,-0.9482503051356518,0.5841558899342152,0.5658347681120204
49.433903217315674,0.06849289884341939,-0.631243739686945,0.9629579196229714,-0.9422272856833656,0.5766392975810388,0.5193265005453468
49.53767728805542,0.11866085577803452,-0.6619905204638117,0.9706698977671226,-0.9352839698679016,0.5683756930384376,0.4667295379493865
49.642987966537476,0.17285638494693398,-0.6941955759412846,0.9780471965145017,-0.9273042726864759,0.5593261972762168,0.40761778805470594
49.753021001815796,0.2232492293461172,-0.7232077627450619,0.9840095284403847,-0.9194102816823574,0.5507722752655256,0.3505353424793024
49.87241291999817,0.27023119693298947,-0.7494460974388532,0.9887741602164035,-0.9116099397832432,0.5426525851358629,0.2954807945702435
49.982073068618774,0.32271189712915943,-0.777822183125195,0.9931629197990225,-0.902353702344566,0.5333871563460886,0.23187676299177457
50.06374216079712,0.3669819294322239,-0.8009789174481213,0.9960685768340407,-0.8940616739510793,0.5253837245509232,0.17647445945711326
50.14306879043579,0.407534569441447,-0.8215478730373957,0.9980595039467837,-0.8860416292636346,0.5178775506568828,0.12429310029982711
50.238465785980225,0.45128381482166013,-0.8430242609105056,0.9994476954141344,-0.8768909678681286,0.5095638682074085,0.06642543620515264
50.37464714050293,0.5067425198883482,-0.869129808274819,0.9999890396975365,-0.8644605380774965,0.4986478294295082,-0.009363760845094693
50.47908592224121,0.5445384440562117,-0.8861591223435206,0.999508818151825,-0.8553891112725389,0.49092465150548403,-0.06264687932407072
50.53927755355835,0.5814263153685572,-0.9021395300345924,0.9983109767740456,-0.8460036636294674,0.48312675234695707,-0.11599658133340834
50.64098143577576,0.6208968336901267,-0.9184831355142709,0.9961504671279964,-0.8353023851922374,0.4744518935628869,-0.17464477308143142
50.7580087184906,0.6638086201846133,-0.9352760748800306,0.9926424185037348,-0.8227754880101459,0.46456080557803353,-0.24038372004856748
50.90497183799744,0.7021640433606712,-0.949319697072202,0.9883335343781426,-0.8106516287278768,0.4552313879351408,-0.3010563544701324
51.00885581970215,0.7365589266416408,-0.9610269982484284,0.9833709118289223,-0.7988912731645408,0.44638802409457967,-0.35717704599979555
51.13657021522522,0.7631602173905297,-0.9694234023950359,0.9787023343672453,-0.7891115590474741,0.4391754169518609,-0.40182490910610713
